id,label,big_integer,negative_big,decimal,exponent,scientific_string
1,safe_max,9007199254740991,-9007199254740991,3.141592653589793,1.0e+308,1e1000
2,hundred_digits,1234567890123456789012345678901234567890123456789012345678901234567890123456789012345678901234567890,-1000000000000000000000000000000000000000000000000000000000000000000000000000000000000000000000000000,2.718281828459045,5.0e-324,4.94e-325
3,id_like,20250305123456789012345678901234567890,750000000000000,0.0000000001234,6.022e23,1.23e10
4,balance,1000000000000000,-750000000000000,1.6180339887498948,9.9e99,9.99e999
5,ratios,123456789012345,987654321098765,0.3333333333333333,1.5e-10,2.5e-300
